predicted binding affinity,receptor-ligand
      5.6215,  2yrq.pdbqt; Z223591710.pdbqt; 2yrq_pocket.pdbqt
      5.8069,  2yrq.pdbqt; Z1166113024.pdbqt; 2yrq_pocket.pdbqt
      5.8891,  2yrq.pdbqt; Z70809471.pdbqt; 2yrq_pocket.pdbqt
      5.4635,  2yrq.pdbqt; Z225107512.pdbqt; 2yrq_pocket.pdbqt
      5.1737,  2yrq.pdbqt; Z1796716741.pdbqt; 2yrq_pocket.pdbqt
      6.4488,  2yrq.pdbqt; Z52683447.pdbqt; 2yrq_pocket.pdbqt
      5.5843,  2yrq.pdbqt; Z89292243.pdbqt; 2yrq_pocket.pdbqt
      5.8693,  2yrq.pdbqt; Z107201696.pdbqt; 2yrq_pocket.pdbqt
      5.8315,  2yrq.pdbqt; Z1849817368.pdbqt; 2yrq_pocket.pdbqt
      6.7626,  2yrq.pdbqt; Z25746349.pdbqt; 2yrq_pocket.pdbqt
      5.5551,  2yrq.pdbqt; Z1632354617.pdbqt; 2yrq_pocket.pdbqt
      6.8958,  2yrq.pdbqt; Z229842200.pdbqt; 2yrq_pocket.pdbqt
      6.3865,  2yrq.pdbqt; Z1037629664.pdbqt; 2yrq_pocket.pdbqt
      5.7369,  2yrq.pdbqt; Z105734976.pdbqt; 2yrq_pocket.pdbqt
      4.7328,  2yrq.pdbqt; Z3640840821.pdbqt; 2yrq_pocket.pdbqt
      4.9951,  2yrq.pdbqt; Z353061930.pdbqt; 2yrq_pocket.pdbqt
      5.7751,  2yrq.pdbqt; Z2113294146.pdbqt; 2yrq_pocket.pdbqt
      5.5039,  2yrq.pdbqt; Z987915406.pdbqt; 2yrq_pocket.pdbqt
      5.5614,  2yrq.pdbqt; Z25717444.pdbqt; 2yrq_pocket.pdbqt
      5.6113,  2yrq.pdbqt; Z1834399904.pdbqt; 2yrq_pocket.pdbqt
      4.8061,  2yrq.pdbqt; Z1590223339.pdbqt; 2yrq_pocket.pdbqt
      5.1461,  2yrq.pdbqt; Z312644560.pdbqt; 2yrq_pocket.pdbqt
      5.0008,  2yrq.pdbqt; Z1217487140.pdbqt; 2yrq_pocket.pdbqt
      5.5200,  2yrq.pdbqt; Z1165360501.pdbqt; 2yrq_pocket.pdbqt
      5.8665,  2yrq.pdbqt; Z89612410.pdbqt; 2yrq_pocket.pdbqt
      5.4209,  2yrq.pdbqt; Z915807884.pdbqt; 2yrq_pocket.pdbqt
      4.6395,  2yrq.pdbqt; Z106912730.pdbqt; 2yrq_pocket.pdbqt
      5.3652,  2yrq.pdbqt; Z1778577383.pdbqt; 2yrq_pocket.pdbqt
      5.5921,  2yrq.pdbqt; Z1268728468.pdbqt; 2yrq_pocket.pdbqt
      4.7623,  2yrq.pdbqt; Z109824394.pdbqt; 2yrq_pocket.pdbqt
      5.5579,  2yrq.pdbqt; Z1079895044.pdbqt; 2yrq_pocket.pdbqt
      5.2579,  2yrq.pdbqt; Z1874355644.pdbqt; 2yrq_pocket.pdbqt
      5.6492,  2yrq.pdbqt; Z106406182.pdbqt; 2yrq_pocket.pdbqt
      6.7289,  2yrq.pdbqt; Z244607892.pdbqt; 2yrq_pocket.pdbqt
      5.1576,  2yrq.pdbqt; Z942113988.pdbqt; 2yrq_pocket.pdbqt
      5.8195,  2yrq.pdbqt; Z1849454575.pdbqt; 2yrq_pocket.pdbqt
      5.0929,  2yrq.pdbqt; Z1680189832.pdbqt; 2yrq_pocket.pdbqt
      5.5425,  2yrq.pdbqt; Z83013653.pdbqt; 2yrq_pocket.pdbqt
      5.4371,  2yrq.pdbqt; Z1957837549.pdbqt; 2yrq_pocket.pdbqt
      5.2636,  2yrq.pdbqt; Z1170367805.pdbqt; 2yrq_pocket.pdbqt
      5.6369,  2yrq.pdbqt; Z343577222.pdbqt; 2yrq_pocket.pdbqt
      5.0767,  2yrq.pdbqt; Z1166113004.pdbqt; 2yrq_pocket.pdbqt
      5.3990,  2yrq.pdbqt; Z68437446.pdbqt; 2yrq_pocket.pdbqt
      4.6900,  2yrq.pdbqt; Z1014804078.pdbqt; 2yrq_pocket.pdbqt
      5.6640,  2yrq.pdbqt; Z1849595755.pdbqt; 2yrq_pocket.pdbqt
      6.4821,  2yrq.pdbqt; Z1170443666.pdbqt; 2yrq_pocket.pdbqt
      4.8619,  2yrq.pdbqt; Z79605400.pdbqt; 2yrq_pocket.pdbqt
      5.6574,  2yrq.pdbqt; Z2647058224.pdbqt; 2yrq_pocket.pdbqt
      5.8273,  2yrq.pdbqt; Z14179982.pdbqt; 2yrq_pocket.pdbqt
      5.0515,  2yrq.pdbqt; Z991603410.pdbqt; 2yrq_pocket.pdbqt
      6.6731,  2yrq.pdbqt; Z1165360523.pdbqt; 2yrq_pocket.pdbqt
      6.1934,  2yrq.pdbqt; Z225103082.pdbqt; 2yrq_pocket.pdbqt
      5.2206,  2yrq.pdbqt; Z3469325542.pdbqt; 2yrq_pocket.pdbqt
      6.9333,  2yrq.pdbqt; Z68450461.pdbqt; 2yrq_pocket.pdbqt
      5.7585,  2yrq.pdbqt; Z89292607.pdbqt; 2yrq_pocket.pdbqt
      5.8888,  2yrq.pdbqt; Z355146498.pdbqt; 2yrq_pocket.pdbqt
      5.3763,  2yrq.pdbqt; Z26445713.pdbqt; 2yrq_pocket.pdbqt
      6.1050,  2yrq.pdbqt; Z83274759.pdbqt; 2yrq_pocket.pdbqt
      6.9801,  2yrq.pdbqt; Z98997955.pdbqt; 2yrq_pocket.pdbqt
      5.7700,  2yrq.pdbqt; Z1455656891.pdbqt; 2yrq_pocket.pdbqt
      5.6982,  2yrq.pdbqt; Z2203142260.pdbqt; 2yrq_pocket.pdbqt
      5.5399,  2yrq.pdbqt; Z2131905845.pdbqt; 2yrq_pocket.pdbqt
      5.3371,  2yrq.pdbqt; Z1424282251.pdbqt; 2yrq_pocket.pdbqt
      5.5629,  2yrq.pdbqt; Z54662802.pdbqt; 2yrq_pocket.pdbqt
      5.8232,  2yrq.pdbqt; Z225109106.pdbqt; 2yrq_pocket.pdbqt
      5.5999,  2yrq.pdbqt; Z335580632.pdbqt; 2yrq_pocket.pdbqt
      5.8324,  2yrq.pdbqt; Z1759962128.pdbqt; 2yrq_pocket.pdbqt
      5.6703,  2yrq.pdbqt; Z1343404128.pdbqt; 2yrq_pocket.pdbqt
      5.4567,  2yrq.pdbqt; Z1418869274.pdbqt; 2yrq_pocket.pdbqt
      5.5075,  2yrq.pdbqt; Z223587498.pdbqt; 2yrq_pocket.pdbqt
      5.3233,  2yrq.pdbqt; Z245063232.pdbqt; 2yrq_pocket.pdbqt
      5.6468,  2yrq.pdbqt; Z1688099895.pdbqt; 2yrq_pocket.pdbqt
      6.1434,  2yrq.pdbqt; Z1170443834.pdbqt; 2yrq_pocket.pdbqt
      6.0163,  2yrq.pdbqt; Z99137611.pdbqt; 2yrq_pocket.pdbqt
      4.9456,  2yrq.pdbqt; Z4076456907.pdbqt; 2yrq_pocket.pdbqt
      5.2020,  2yrq.pdbqt; Z1623889224.pdbqt; 2yrq_pocket.pdbqt
      5.7736,  2yrq.pdbqt; Z98625071.pdbqt; 2yrq_pocket.pdbqt
      5.4912,  2yrq.pdbqt; Z1849816748.pdbqt; 2yrq_pocket.pdbqt
      5.7107,  2yrq.pdbqt; Z1187927440.pdbqt; 2yrq_pocket.pdbqt
      6.1629,  2yrq.pdbqt; Z383087394.pdbqt; 2yrq_pocket.pdbqt
      6.8015,  2yrq.pdbqt; Z88975645.pdbqt; 2yrq_pocket.pdbqt
      5.8770,  2yrq.pdbqt; Z106408446.pdbqt; 2yrq_pocket.pdbqt
      5.6175,  2yrq.pdbqt; Z83277019.pdbqt; 2yrq_pocket.pdbqt
      6.1342,  2yrq.pdbqt; Z94729234.pdbqt; 2yrq_pocket.pdbqt
      6.0912,  2yrq.pdbqt; Z106917638.pdbqt; 2yrq_pocket.pdbqt
      6.0838,  2yrq.pdbqt; Z134787632.pdbqt; 2yrq_pocket.pdbqt
      5.0250,  2yrq.pdbqt; Z2433619118.pdbqt; 2yrq_pocket.pdbqt
      5.4511,  2yrq.pdbqt; Z1849599548.pdbqt; 2yrq_pocket.pdbqt
      5.5257,  2yrq.pdbqt; Z1953104692.pdbqt; 2yrq_pocket.pdbqt
      5.9200,  2yrq.pdbqt; Z1296531470.pdbqt; 2yrq_pocket.pdbqt
      6.1148,  2yrq.pdbqt; Z116834442.pdbqt; 2yrq_pocket.pdbqt
      6.2832,  2yrq.pdbqt; Z1695509529.pdbqt; 2yrq_pocket.pdbqt
      5.8026,  2yrq.pdbqt; Z1165357667.pdbqt; 2yrq_pocket.pdbqt
      5.9853,  2yrq.pdbqt; Z385077128.pdbqt; 2yrq_pocket.pdbqt
      6.7451,  2yrq.pdbqt; Z228269080.pdbqt; 2yrq_pocket.pdbqt
      4.8138,  2yrq.pdbqt; Z1273101583.pdbqt; 2yrq_pocket.pdbqt
      5.2273,  2yrq.pdbqt; Z2447455936.pdbqt; 2yrq_pocket.pdbqt
      5.7966,  2yrq.pdbqt; Z105734882.pdbqt; 2yrq_pocket.pdbqt
      5.4766,  2yrq.pdbqt; Z126474094.pdbqt; 2yrq_pocket.pdbqt
      6.7389,  2yrq.pdbqt; Z84040538.pdbqt; 2yrq_pocket.pdbqt
      5.9076,  2yrq.pdbqt; Z83276970.pdbqt; 2yrq_pocket.pdbqt
      5.7501,  2yrq.pdbqt; Z73431548.pdbqt; 2yrq_pocket.pdbqt
      6.2638,  2yrq.pdbqt; Z85917607.pdbqt; 2yrq_pocket.pdbqt
      5.5351,  2yrq.pdbqt; Z2068638033.pdbqt; 2yrq_pocket.pdbqt
      4.9786,  2yrq.pdbqt; Z1155567160.pdbqt; 2yrq_pocket.pdbqt
      5.8629,  2yrq.pdbqt; Z83985543.pdbqt; 2yrq_pocket.pdbqt
      5.1376,  2yrq.pdbqt; Z70810472.pdbqt; 2yrq_pocket.pdbqt
      5.7883,  2yrq.pdbqt; Z26272180.pdbqt; 2yrq_pocket.pdbqt
      5.6224,  2yrq.pdbqt; Z211286682.pdbqt; 2yrq_pocket.pdbqt
      5.9341,  2yrq.pdbqt; Z1945704111.pdbqt; 2yrq_pocket.pdbqt
      5.9340,  2yrq.pdbqt; Z126474216.pdbqt; 2yrq_pocket.pdbqt
      5.7611,  2yrq.pdbqt; Z265153758.pdbqt; 2yrq_pocket.pdbqt
      5.5386,  2yrq.pdbqt; Z89101397.pdbqt; 2yrq_pocket.pdbqt
      5.2397,  2yrq.pdbqt; Z363268404.pdbqt; 2yrq_pocket.pdbqt
      4.9733,  2yrq.pdbqt; Z1285968625.pdbqt; 2yrq_pocket.pdbqt
      6.0119,  2yrq.pdbqt; Z1233866596.pdbqt; 2yrq_pocket.pdbqt
      5.9588,  2yrq.pdbqt; Z1849433668.pdbqt; 2yrq_pocket.pdbqt
      5.8257,  2yrq.pdbqt; Z1849816530.pdbqt; 2yrq_pocket.pdbqt
      5.8249,  2yrq.pdbqt; Z1166028828.pdbqt; 2yrq_pocket.pdbqt
      6.7720,  2yrq.pdbqt; Z1170429150.pdbqt; 2yrq_pocket.pdbqt
      6.0564,  2yrq.pdbqt; Z1849572215.pdbqt; 2yrq_pocket.pdbqt
      6.2142,  2yrq.pdbqt; Z1170429120.pdbqt; 2yrq_pocket.pdbqt
      5.5713,  2yrq.pdbqt; Z119073850.pdbqt; 2yrq_pocket.pdbqt
      6.4228,  2yrq.pdbqt; Z82224038.pdbqt; 2yrq_pocket.pdbqt
      6.0846,  2yrq.pdbqt; Z25742089.pdbqt; 2yrq_pocket.pdbqt
      6.3196,  2yrq.pdbqt; Z271090688.pdbqt; 2yrq_pocket.pdbqt
      5.3058,  2yrq.pdbqt; Z1490480310.pdbqt; 2yrq_pocket.pdbqt
      5.7216,  2yrq.pdbqt; Z1165357648.pdbqt; 2yrq_pocket.pdbqt
      5.4326,  2yrq.pdbqt; Z1719542517.pdbqt; 2yrq_pocket.pdbqt
      6.0894,  2yrq.pdbqt; Z1849820395.pdbqt; 2yrq_pocket.pdbqt
      6.7031,  2yrq.pdbqt; Z1170446122.pdbqt; 2yrq_pocket.pdbqt
      5.4090,  2yrq.pdbqt; Z1752000229.pdbqt; 2yrq_pocket.pdbqt
      5.5203,  2yrq.pdbqt; Z2019179059.pdbqt; 2yrq_pocket.pdbqt
      5.3601,  2yrq.pdbqt; Z976203836.pdbqt; 2yrq_pocket.pdbqt
      5.3850,  2yrq.pdbqt; Z223458504.pdbqt; 2yrq_pocket.pdbqt
      5.9129,  2yrq.pdbqt; Z363614634.pdbqt; 2yrq_pocket.pdbqt
      5.2567,  2yrq.pdbqt; Z1445410028.pdbqt; 2yrq_pocket.pdbqt
      6.5648,  2yrq.pdbqt; Z84141267.pdbqt; 2yrq_pocket.pdbqt
      5.7873,  2yrq.pdbqt; Z109823918.pdbqt; 2yrq_pocket.pdbqt
      5.9134,  2yrq.pdbqt; Z106408008.pdbqt; 2yrq_pocket.pdbqt
      5.4597,  2yrq.pdbqt; Z286705196.pdbqt; 2yrq_pocket.pdbqt
      6.2091,  2yrq.pdbqt; Z288365102.pdbqt; 2yrq_pocket.pdbqt
      5.9508,  2yrq.pdbqt; Z99315127.pdbqt; 2yrq_pocket.pdbqt
      4.8389,  2yrq.pdbqt; Z58304036.pdbqt; 2yrq_pocket.pdbqt
      5.3643,  2yrq.pdbqt; Z1849817109.pdbqt; 2yrq_pocket.pdbqt
      5.3965,  2yrq.pdbqt; Z30425109.pdbqt; 2yrq_pocket.pdbqt
      4.9161,  2yrq.pdbqt; Z223458498.pdbqt; 2yrq_pocket.pdbqt
      6.0816,  2yrq.pdbqt; Z106460362.pdbqt; 2yrq_pocket.pdbqt
      5.8399,  2yrq.pdbqt; Z106398026.pdbqt; 2yrq_pocket.pdbqt
      6.7688,  2yrq.pdbqt; Z83254147.pdbqt; 2yrq_pocket.pdbqt
      5.3772,  2yrq.pdbqt; Z1390808192.pdbqt; 2yrq_pocket.pdbqt
      5.1422,  2yrq.pdbqt; Z109825940.pdbqt; 2yrq_pocket.pdbqt
      5.9010,  2yrq.pdbqt; Z1166112250.pdbqt; 2yrq_pocket.pdbqt
      7.2907,  2yrq.pdbqt; Z96583791.pdbqt; 2yrq_pocket.pdbqt
      5.4823,  2yrq.pdbqt; Z142764770.pdbqt; 2yrq_pocket.pdbqt
      5.3020,  2yrq.pdbqt; Z25711624.pdbqt; 2yrq_pocket.pdbqt
      5.7261,  2yrq.pdbqt; Z909177912.pdbqt; 2yrq_pocket.pdbqt
      5.9445,  2yrq.pdbqt; Z2375345019.pdbqt; 2yrq_pocket.pdbqt
      5.7414,  2yrq.pdbqt; Z83561108.pdbqt; 2yrq_pocket.pdbqt
      5.9176,  2yrq.pdbqt; Z335605796.pdbqt; 2yrq_pocket.pdbqt
      5.6075,  2yrq.pdbqt; Z270210810.pdbqt; 2yrq_pocket.pdbqt
      4.5957,  2yrq.pdbqt; Z14185966.pdbqt; 2yrq_pocket.pdbqt
      6.0002,  2yrq.pdbqt; Z1700066847.pdbqt; 2yrq_pocket.pdbqt
      5.7140,  2yrq.pdbqt; Z89295304.pdbqt; 2yrq_pocket.pdbqt
      5.4540,  2yrq.pdbqt; Z26264560.pdbqt; 2yrq_pocket.pdbqt
      5.3636,  2yrq.pdbqt; Z25742113.pdbqt; 2yrq_pocket.pdbqt
      5.6608,  2yrq.pdbqt; Z335597644.pdbqt; 2yrq_pocket.pdbqt
      5.1358,  2yrq.pdbqt; Z1601807165.pdbqt; 2yrq_pocket.pdbqt
      5.2996,  2yrq.pdbqt; Z13597482.pdbqt; 2yrq_pocket.pdbqt
      5.2255,  2yrq.pdbqt; Z13600562.pdbqt; 2yrq_pocket.pdbqt
      6.0558,  2yrq.pdbqt; Z152767716.pdbqt; 2yrq_pocket.pdbqt
      4.8674,  2yrq.pdbqt; Z14179809.pdbqt; 2yrq_pocket.pdbqt
      5.2739,  2yrq.pdbqt; Z13597849.pdbqt; 2yrq_pocket.pdbqt
      5.6841,  2yrq.pdbqt; Z359657194.pdbqt; 2yrq_pocket.pdbqt
      5.8131,  2yrq.pdbqt; Z223906598.pdbqt; 2yrq_pocket.pdbqt
      5.3969,  2yrq.pdbqt; Z214589002.pdbqt; 2yrq_pocket.pdbqt
      6.0016,  2yrq.pdbqt; Z1264466558.pdbqt; 2yrq_pocket.pdbqt
      5.7471,  2yrq.pdbqt; Z1849831857.pdbqt; 2yrq_pocket.pdbqt
      5.0605,  2yrq.pdbqt; Z985660492.pdbqt; 2yrq_pocket.pdbqt
      4.9380,  2yrq.pdbqt; Z3867448822.pdbqt; 2yrq_pocket.pdbqt
      5.6638,  2yrq.pdbqt; Z13597548.pdbqt; 2yrq_pocket.pdbqt
      5.6281,  2yrq.pdbqt; Z107150788.pdbqt; 2yrq_pocket.pdbqt
      4.6527,  2yrq.pdbqt; Z14182997.pdbqt; 2yrq_pocket.pdbqt
      5.4176,  2yrq.pdbqt; Z16336815.pdbqt; 2yrq_pocket.pdbqt
      5.5702,  2yrq.pdbqt; Z103860868.pdbqt; 2yrq_pocket.pdbqt
      6.0180,  2yrq.pdbqt; Z1661981406.pdbqt; 2yrq_pocket.pdbqt
      5.0671,  2yrq.pdbqt; Z466741610.pdbqt; 2yrq_pocket.pdbqt
      5.7457,  2yrq.pdbqt; Z73836166.pdbqt; 2yrq_pocket.pdbqt
      6.1834,  2yrq.pdbqt; Z124170214.pdbqt; 2yrq_pocket.pdbqt
      5.3700,  2yrq.pdbqt; Z14181285.pdbqt; 2yrq_pocket.pdbqt
      5.2508,  2yrq.pdbqt; Z87702031.pdbqt; 2yrq_pocket.pdbqt
      5.6451,  2yrq.pdbqt; Z83276972.pdbqt; 2yrq_pocket.pdbqt
      6.6327,  2yrq.pdbqt; Z1166113023.pdbqt; 2yrq_pocket.pdbqt
      6.4406,  2yrq.pdbqt; Z54583701.pdbqt; 2yrq_pocket.pdbqt
      5.1651,  2yrq.pdbqt; Z1166112072.pdbqt; 2yrq_pocket.pdbqt
      4.5849,  2yrq.pdbqt; Z13598388.pdbqt; 2yrq_pocket.pdbqt
      5.0429,  2yrq.pdbqt; Z1796062114.pdbqt; 2yrq_pocket.pdbqt
      5.9606,  2yrq.pdbqt; Z54659421.pdbqt; 2yrq_pocket.pdbqt
      6.1656,  2yrq.pdbqt; Z1687089773.pdbqt; 2yrq_pocket.pdbqt
      5.4682,  2yrq.pdbqt; Z1139261805.pdbqt; 2yrq_pocket.pdbqt
      4.6086,  2yrq.pdbqt; Z1166113003.pdbqt; 2yrq_pocket.pdbqt
      5.5266,  2yrq.pdbqt; Z14179777.pdbqt; 2yrq_pocket.pdbqt
      4.8030,  2yrq.pdbqt; Z1506273997.pdbqt; 2yrq_pocket.pdbqt
      5.2327,  2yrq.pdbqt; Z83919209.pdbqt; 2yrq_pocket.pdbqt
      5.9387,  2yrq.pdbqt; Z13600853.pdbqt; 2yrq_pocket.pdbqt
      4.9115,  2yrq.pdbqt; Z14183309.pdbqt; 2yrq_pocket.pdbqt
      5.5709,  2yrq.pdbqt; Z1037945780.pdbqt; 2yrq_pocket.pdbqt
      5.3743,  2yrq.pdbqt; Z13596120.pdbqt; 2yrq_pocket.pdbqt
      6.0816,  2yrq.pdbqt; Z13597402.pdbqt; 2yrq_pocket.pdbqt
      5.1651,  2yrq.pdbqt; Z1166113000.pdbqt; 2yrq_pocket.pdbqt
      5.2371,  2yrq.pdbqt; Z13601053.pdbqt; 2yrq_pocket.pdbqt
      6.6762,  2yrq.pdbqt; Z83919277.pdbqt; 2yrq_pocket.pdbqt
      5.6863,  2yrq.pdbqt; Z1166112993.pdbqt; 2yrq_pocket.pdbqt
      5.8250,  2yrq.pdbqt; Z14141138.pdbqt; 2yrq_pocket.pdbqt
      4.4950,  2yrq.pdbqt; Z822161212.pdbqt; 2yrq_pocket.pdbqt
      6.8438,  2yrq.pdbqt; Z109077304.pdbqt; 2yrq_pocket.pdbqt
      4.5387,  2yrq.pdbqt; Z214581054.pdbqt; 2yrq_pocket.pdbqt
      5.4422,  2yrq.pdbqt; Z422623670.pdbqt; 2yrq_pocket.pdbqt
      5.5897,  2yrq.pdbqt; Z14185823.pdbqt; 2yrq_pocket.pdbqt
      5.8069,  2yrq.pdbqt; Z1698128530.pdbqt; 2yrq_pocket.pdbqt
      5.6486,  2yrq.pdbqt; Z1450536806.pdbqt; 2yrq_pocket.pdbqt
      5.7259,  2yrq.pdbqt; Z1757448951.pdbqt; 2yrq_pocket.pdbqt
      5.2468,  2yrq.pdbqt; Z30825574.pdbqt; 2yrq_pocket.pdbqt
      4.1985,  2yrq.pdbqt; Z646606256.pdbqt; 2yrq_pocket.pdbqt
      4.8504,  2yrq.pdbqt; Z1002840874.pdbqt; 2yrq_pocket.pdbqt
      5.0765,  2yrq.pdbqt; Z1440181529.pdbqt; 2yrq_pocket.pdbqt
      5.8577,  2yrq.pdbqt; Z1169977201.pdbqt; 2yrq_pocket.pdbqt
      4.9194,  2yrq.pdbqt; Z901672728.pdbqt; 2yrq_pocket.pdbqt
      5.5393,  2yrq.pdbqt; Z1729210408.pdbqt; 2yrq_pocket.pdbqt
      5.5741,  2yrq.pdbqt; Z1023656048.pdbqt; 2yrq_pocket.pdbqt
      4.3449,  2yrq.pdbqt; Z1252670026.pdbqt; 2yrq_pocket.pdbqt
      5.0185,  2yrq.pdbqt; Z1784073544.pdbqt; 2yrq_pocket.pdbqt
      5.5681,  2yrq.pdbqt; Z1677754180.pdbqt; 2yrq_pocket.pdbqt
      4.8720,  2yrq.pdbqt; Z1759961743.pdbqt; 2yrq_pocket.pdbqt
      4.9004,  2yrq.pdbqt; Z1024020012.pdbqt; 2yrq_pocket.pdbqt
      5.2163,  2yrq.pdbqt; Z1796127100.pdbqt; 2yrq_pocket.pdbqt
      4.8131,  2yrq.pdbqt; Z1228502228.pdbqt; 2yrq_pocket.pdbqt
      4.7550,  2yrq.pdbqt; Z1757948611.pdbqt; 2yrq_pocket.pdbqt
      5.5245,  2yrq.pdbqt; Z1612525496.pdbqt; 2yrq_pocket.pdbqt
      4.9204,  2yrq.pdbqt; Z1638119356.pdbqt; 2yrq_pocket.pdbqt
      4.8219,  2yrq.pdbqt; Z1275601388.pdbqt; 2yrq_pocket.pdbqt
      4.7323,  2yrq.pdbqt; Z932124944.pdbqt; 2yrq_pocket.pdbqt
      4.7721,  2yrq.pdbqt; Z1441255351.pdbqt; 2yrq_pocket.pdbqt
      5.5870,  2yrq.pdbqt; Z1567391685.pdbqt; 2yrq_pocket.pdbqt
      5.3966,  2yrq.pdbqt; Z1506047613.pdbqt; 2yrq_pocket.pdbqt
      5.4294,  2yrq.pdbqt; Z4617267353.pdbqt; 2yrq_pocket.pdbqt
      4.8857,  2yrq.pdbqt; Z979070766.pdbqt; 2yrq_pocket.pdbqt
      5.0664,  2yrq.pdbqt; Z1258909222.pdbqt; 2yrq_pocket.pdbqt
      4.5732,  2yrq.pdbqt; Z1411158492.pdbqt; 2yrq_pocket.pdbqt
      5.5352,  2yrq.pdbqt; Z1736594903.pdbqt; 2yrq_pocket.pdbqt
      6.4557,  2yrq.pdbqt; Z1661980985.pdbqt; 2yrq_pocket.pdbqt
      4.8704,  2yrq.pdbqt; Z1756707640.pdbqt; 2yrq_pocket.pdbqt
      5.5733,  2yrq.pdbqt; Z17107630.pdbqt; 2yrq_pocket.pdbqt
      5.6946,  2yrq.pdbqt; Z1401658319.pdbqt; 2yrq_pocket.pdbqt
      4.4399,  2yrq.pdbqt; Z298904852.pdbqt; 2yrq_pocket.pdbqt
      4.8357,  2yrq.pdbqt; Z1756368845.pdbqt; 2yrq_pocket.pdbqt
      5.1412,  2yrq.pdbqt; Z1801595493.pdbqt; 2yrq_pocket.pdbqt
      5.3617,  2yrq.pdbqt; Z1612717695.pdbqt; 2yrq_pocket.pdbqt
      5.5255,  2yrq.pdbqt; Z1139338213.pdbqt; 2yrq_pocket.pdbqt
      4.9508,  2yrq.pdbqt; Z94857482.pdbqt; 2yrq_pocket.pdbqt
      5.0399,  2yrq.pdbqt; Z434202092.pdbqt; 2yrq_pocket.pdbqt
      5.3141,  2yrq.pdbqt; Z1376860535.pdbqt; 2yrq_pocket.pdbqt
      5.7016,  2yrq.pdbqt; Z1273920328.pdbqt; 2yrq_pocket.pdbqt
      5.2059,  2yrq.pdbqt; Z1268778337.pdbqt; 2yrq_pocket.pdbqt
      5.3720,  2yrq.pdbqt; Z1375827430.pdbqt; 2yrq_pocket.pdbqt
      5.8883,  2yrq.pdbqt; Z1455407934.pdbqt; 2yrq_pocket.pdbqt
      5.3256,  2yrq.pdbqt; Z1845704493.pdbqt; 2yrq_pocket.pdbqt
      5.4123,  2yrq.pdbqt; Z1953147935.pdbqt; 2yrq_pocket.pdbqt
      5.3888,  2yrq.pdbqt; Z17375298.pdbqt; 2yrq_pocket.pdbqt
      5.5643,  2yrq.pdbqt; Z92221774.pdbqt; 2yrq_pocket.pdbqt
      5.2329,  2yrq.pdbqt; Z14243061.pdbqt; 2yrq_pocket.pdbqt
      5.6211,  2yrq.pdbqt; Z25748171.pdbqt; 2yrq_pocket.pdbqt
      5.6326,  2yrq.pdbqt; Z83427712.pdbqt; 2yrq_pocket.pdbqt
      5.2344,  2yrq.pdbqt; Z96784580.pdbqt; 2yrq_pocket.pdbqt
      6.7316,  2yrq.pdbqt; Z106986238.pdbqt; 2yrq_pocket.pdbqt
      6.0670,  2yrq.pdbqt; Z98622646.pdbqt; 2yrq_pocket.pdbqt
      5.1446,  2yrq.pdbqt; Z2107455275.pdbqt; 2yrq_pocket.pdbqt
      5.3606,  2yrq.pdbqt; Z223826946.pdbqt; 2yrq_pocket.pdbqt
      5.5554,  2yrq.pdbqt; Z1390798969.pdbqt; 2yrq_pocket.pdbqt
      4.3953,  2yrq.pdbqt; Z1334225775.pdbqt; 2yrq_pocket.pdbqt
      4.7054,  2yrq.pdbqt; Z1396072148.pdbqt; 2yrq_pocket.pdbqt
      5.3303,  2yrq.pdbqt; Z1418866992.pdbqt; 2yrq_pocket.pdbqt
      5.7487,  2yrq.pdbqt; Z44494521.pdbqt; 2yrq_pocket.pdbqt
      5.4378,  2yrq.pdbqt; Z335830178.pdbqt; 2yrq_pocket.pdbqt
      5.2492,  2yrq.pdbqt; Z287113224.pdbqt; 2yrq_pocket.pdbqt
      5.5779,  2yrq.pdbqt; Z25716442.pdbqt; 2yrq_pocket.pdbqt
      5.1043,  2yrq.pdbqt; Z326166984.pdbqt; 2yrq_pocket.pdbqt
      4.3820,  2yrq.pdbqt; Z14228030.pdbqt; 2yrq_pocket.pdbqt
      5.2773,  2yrq.pdbqt; Z14145229.pdbqt; 2yrq_pocket.pdbqt
      5.4477,  2yrq.pdbqt; Z284811862.pdbqt; 2yrq_pocket.pdbqt
      5.3419,  2yrq.pdbqt; Z978979526.pdbqt; 2yrq_pocket.pdbqt
      5.8097,  2yrq.pdbqt; Z57908796.pdbqt; 2yrq_pocket.pdbqt
      5.8950,  2yrq.pdbqt; Z57908255.pdbqt; 2yrq_pocket.pdbqt
      5.6334,  2yrq.pdbqt; Z57908907.pdbqt; 2yrq_pocket.pdbqt
      5.9557,  2yrq.pdbqt; Z57908293.pdbqt; 2yrq_pocket.pdbqt
      5.8020,  2yrq.pdbqt; Z57907743.pdbqt; 2yrq_pocket.pdbqt
      5.3848,  2yrq.pdbqt; Z1260559280.pdbqt; 2yrq_pocket.pdbqt
      5.1137,  2yrq.pdbqt; Z1254456852.pdbqt; 2yrq_pocket.pdbqt
      5.1505,  2yrq.pdbqt; Z1252455627.pdbqt; 2yrq_pocket.pdbqt
      4.9185,  2yrq.pdbqt; Z1343313594.pdbqt; 2yrq_pocket.pdbqt
      5.0701,  2yrq.pdbqt; Z1251693540.pdbqt; 2yrq_pocket.pdbqt
      4.4031,  2yrq.pdbqt; Z89731781.pdbqt; 2yrq_pocket.pdbqt
      5.2861,  2yrq.pdbqt; Z1271597164.pdbqt; 2yrq_pocket.pdbqt
      4.7970,  2yrq.pdbqt; Z91093832.pdbqt; 2yrq_pocket.pdbqt
      5.2345,  2yrq.pdbqt; Z14243958.pdbqt; 2yrq_pocket.pdbqt
      4.6103,  2yrq.pdbqt; Z16394386.pdbqt; 2yrq_pocket.pdbqt
      5.6360,  2yrq.pdbqt; Z1155566203.pdbqt; 2yrq_pocket.pdbqt
      5.6739,  2yrq.pdbqt; Z3626673096.pdbqt; 2yrq_pocket.pdbqt
      5.3514,  2yrq.pdbqt; Z909185302.pdbqt; 2yrq_pocket.pdbqt
      5.7061,  2yrq.pdbqt; Z2220770930.pdbqt; 2yrq_pocket.pdbqt
      5.5005,  2yrq.pdbqt; Z102619752.pdbqt; 2yrq_pocket.pdbqt
      5.4766,  2yrq.pdbqt; Z942355498.pdbqt; 2yrq_pocket.pdbqt
      4.5550,  2yrq.pdbqt; Z840179078.pdbqt; 2yrq_pocket.pdbqt
      5.6748,  2yrq.pdbqt; Z990545772.pdbqt; 2yrq_pocket.pdbqt
      4.7654,  2yrq.pdbqt; Z104615250.pdbqt; 2yrq_pocket.pdbqt
      5.2436,  2yrq.pdbqt; Z1203832415.pdbqt; 2yrq_pocket.pdbqt
      5.7687,  2yrq.pdbqt; Z89381419.pdbqt; 2yrq_pocket.pdbqt
      5.4989,  2yrq.pdbqt; Z70907161.pdbqt; 2yrq_pocket.pdbqt
      6.0122,  2yrq.pdbqt; Z1165357650.pdbqt; 2yrq_pocket.pdbqt
      6.0945,  2yrq.pdbqt; Z73434626.pdbqt; 2yrq_pocket.pdbqt
      5.1187,  2yrq.pdbqt; Z1620094535.pdbqt; 2yrq_pocket.pdbqt
      5.8769,  2yrq.pdbqt; Z223458494.pdbqt; 2yrq_pocket.pdbqt
      5.2450,  2yrq.pdbqt; Z839706570.pdbqt; 2yrq_pocket.pdbqt
      4.8137,  2yrq.pdbqt; Z445993872.pdbqt; 2yrq_pocket.pdbqt
      3.9385,  2yrq.pdbqt; Z3364135625.pdbqt; 2yrq_pocket.pdbqt
      4.7357,  2yrq.pdbqt; Z989445942.pdbqt; 2yrq_pocket.pdbqt
      4.8851,  2yrq.pdbqt; Z995471950.pdbqt; 2yrq_pocket.pdbqt
      5.1001,  2yrq.pdbqt; Z962235544.pdbqt; 2yrq_pocket.pdbqt
      5.1722,  2yrq.pdbqt; Z431950290.pdbqt; 2yrq_pocket.pdbqt
      5.2943,  2yrq.pdbqt; Z435980440.pdbqt; 2yrq_pocket.pdbqt
      5.1255,  2yrq.pdbqt; Z1452034046.pdbqt; 2yrq_pocket.pdbqt
      5.0300,  2yrq.pdbqt; Z1452843566.pdbqt; 2yrq_pocket.pdbqt
      5.6097,  2yrq.pdbqt; Z727591484.pdbqt; 2yrq_pocket.pdbqt
      5.3398,  2yrq.pdbqt; Z727587196.pdbqt; 2yrq_pocket.pdbqt
      5.2734,  2yrq.pdbqt; Z1266684890.pdbqt; 2yrq_pocket.pdbqt
      5.4406,  2yrq.pdbqt; Z3640841920.pdbqt; 2yrq_pocket.pdbqt
      5.4420,  2yrq.pdbqt; Z73329518.pdbqt; 2yrq_pocket.pdbqt
      5.7301,  2yrq.pdbqt; Z27677618.pdbqt; 2yrq_pocket.pdbqt
      5.9879,  2yrq.pdbqt; Z1274657146.pdbqt; 2yrq_pocket.pdbqt
      6.6573,  2yrq.pdbqt; Z1495053746.pdbqt; 2yrq_pocket.pdbqt
      4.5183,  2yrq.pdbqt; Z2054727215.pdbqt; 2yrq_pocket.pdbqt
      4.4574,  2yrq.pdbqt; Z1232397936.pdbqt; 2yrq_pocket.pdbqt
      5.2763,  2yrq.pdbqt; Z1101647020.pdbqt; 2yrq_pocket.pdbqt
      5.9074,  2yrq.pdbqt; Z223593990.pdbqt; 2yrq_pocket.pdbqt
      5.1112,  2yrq.pdbqt; Z1260369243.pdbqt; 2yrq_pocket.pdbqt
      4.9601,  2yrq.pdbqt; Z1260372202.pdbqt; 2yrq_pocket.pdbqt
      4.8136,  2yrq.pdbqt; Z1333707064.pdbqt; 2yrq_pocket.pdbqt
      6.7077,  2yrq.pdbqt; Z1276041486.pdbqt; 2yrq_pocket.pdbqt
      6.1694,  2yrq.pdbqt; Z54627307.pdbqt; 2yrq_pocket.pdbqt
      6.0237,  2yrq.pdbqt; Z1567243800.pdbqt; 2yrq_pocket.pdbqt
      5.5373,  2yrq.pdbqt; Z73389117.pdbqt; 2yrq_pocket.pdbqt
      5.5838,  2yrq.pdbqt; Z88486395.pdbqt; 2yrq_pocket.pdbqt
      5.4678,  2yrq.pdbqt; Z2801855358.pdbqt; 2yrq_pocket.pdbqt
      5.9074,  2yrq.pdbqt; Z1769257761.pdbqt; 2yrq_pocket.pdbqt
      5.5629,  2yrq.pdbqt; Z644829276.pdbqt; 2yrq_pocket.pdbqt
      6.6261,  2yrq.pdbqt; Z368577720.pdbqt; 2yrq_pocket.pdbqt
      5.6277,  2yrq.pdbqt; Z1618463951.pdbqt; 2yrq_pocket.pdbqt
      5.7155,  2yrq.pdbqt; Z8111149004.pdbqt; 2yrq_pocket.pdbqt
      5.5654,  2yrq.pdbqt; Z270210292.pdbqt; 2yrq_pocket.pdbqt
      4.4098,  2yrq.pdbqt; Z908579070.pdbqt; 2yrq_pocket.pdbqt
      4.6680,  2yrq.pdbqt; Z844976070.pdbqt; 2yrq_pocket.pdbqt
      4.7656,  2yrq.pdbqt; Z230870160.pdbqt; 2yrq_pocket.pdbqt
      5.6649,  2yrq.pdbqt; Z1171708231.pdbqt; 2yrq_pocket.pdbqt
      4.6355,  2yrq.pdbqt; Z1757455465.pdbqt; 2yrq_pocket.pdbqt
      5.0705,  2yrq.pdbqt; Z1151597870.pdbqt; 2yrq_pocket.pdbqt
      5.4777,  2yrq.pdbqt; Z1754221537.pdbqt; 2yrq_pocket.pdbqt
      5.7719,  2yrq.pdbqt; Z2062271602.pdbqt; 2yrq_pocket.pdbqt
      4.6670,  2yrq.pdbqt; Z394700946.pdbqt; 2yrq_pocket.pdbqt
      5.4973,  2yrq.pdbqt; Z1334615578.pdbqt; 2yrq_pocket.pdbqt
      5.1014,  2yrq.pdbqt; Z1102778622.pdbqt; 2yrq_pocket.pdbqt
      5.9335,  2yrq.pdbqt; Z401536288.pdbqt; 2yrq_pocket.pdbqt
      5.8002,  2yrq.pdbqt; Z1541803781.pdbqt; 2yrq_pocket.pdbqt
      5.2831,  2yrq.pdbqt; Z1572278186.pdbqt; 2yrq_pocket.pdbqt
      5.2400,  2yrq.pdbqt; Z1849556175.pdbqt; 2yrq_pocket.pdbqt
      5.8188,  2yrq.pdbqt; Z1424282530.pdbqt; 2yrq_pocket.pdbqt
      5.0519,  2yrq.pdbqt; Z1306654722.pdbqt; 2yrq_pocket.pdbqt
      5.4625,  2yrq.pdbqt; Z3581727928.pdbqt; 2yrq_pocket.pdbqt
      4.1602,  2yrq.pdbqt; Z1940681683.pdbqt; 2yrq_pocket.pdbqt
      5.2460,  2yrq.pdbqt; Z1157834287.pdbqt; 2yrq_pocket.pdbqt
      5.5727,  2yrq.pdbqt; Z435980390.pdbqt; 2yrq_pocket.pdbqt
      5.9941,  2yrq.pdbqt; Z86095078.pdbqt; 2yrq_pocket.pdbqt
      5.7681,  2yrq.pdbqt; Z1347251302.pdbqt; 2yrq_pocket.pdbqt
      6.1584,  2yrq.pdbqt; Z4309087415.pdbqt; 2yrq_pocket.pdbqt
      5.2234,  2yrq.pdbqt; Z15407324.pdbqt; 2yrq_pocket.pdbqt
      5.6241,  2yrq.pdbqt; Z1211811484.pdbqt; 2yrq_pocket.pdbqt
      5.3250,  2yrq.pdbqt; Z2608012015.pdbqt; 2yrq_pocket.pdbqt
      5.6259,  2yrq.pdbqt; Z1313126600.pdbqt; 2yrq_pocket.pdbqt
      5.9463,  2yrq.pdbqt; Z1625744523.pdbqt; 2yrq_pocket.pdbqt
      5.7747,  2yrq.pdbqt; Z166630580.pdbqt; 2yrq_pocket.pdbqt
      4.5722,  2yrq.pdbqt; Z94796950.pdbqt; 2yrq_pocket.pdbqt
      6.2365,  2yrq.pdbqt; Z1872773337.pdbqt; 2yrq_pocket.pdbqt
      5.4077,  2yrq.pdbqt; Z1916029004.pdbqt; 2yrq_pocket.pdbqt
      5.1027,  2yrq.pdbqt; Z1757601117.pdbqt; 2yrq_pocket.pdbqt
      5.4693,  2yrq.pdbqt; Z71079440.pdbqt; 2yrq_pocket.pdbqt
      5.8800,  2yrq.pdbqt; Z106239882.pdbqt; 2yrq_pocket.pdbqt
      5.5814,  2yrq.pdbqt; Z109824250.pdbqt; 2yrq_pocket.pdbqt
      5.8605,  2yrq.pdbqt; Z106407524.pdbqt; 2yrq_pocket.pdbqt
      5.4763,  2yrq.pdbqt; Z106710442.pdbqt; 2yrq_pocket.pdbqt
      5.7434,  2yrq.pdbqt; Z89293735.pdbqt; 2yrq_pocket.pdbqt
      4.7630,  2yrq.pdbqt; Z1166112258.pdbqt; 2yrq_pocket.pdbqt
      5.7957,  2yrq.pdbqt; Z1165359906.pdbqt; 2yrq_pocket.pdbqt
      5.8224,  2yrq.pdbqt; Z96044734.pdbqt; 2yrq_pocket.pdbqt
      5.9515,  2yrq.pdbqt; Z283650094.pdbqt; 2yrq_pocket.pdbqt
      6.1411,  2yrq.pdbqt; Z85323621.pdbqt; 2yrq_pocket.pdbqt
      6.8012,  2yrq.pdbqt; Z109079632.pdbqt; 2yrq_pocket.pdbqt
      5.5971,  2yrq.pdbqt; Z119588912.pdbqt; 2yrq_pocket.pdbqt
      4.5999,  2yrq.pdbqt; Z71138179.pdbqt; 2yrq_pocket.pdbqt
      5.4367,  2yrq.pdbqt; Z1309241383.pdbqt; 2yrq_pocket.pdbqt
      6.2453,  2yrq.pdbqt; Z774556324.pdbqt; 2yrq_pocket.pdbqt
      5.1394,  2yrq.pdbqt; Z333697742.pdbqt; 2yrq_pocket.pdbqt
      6.3414,  2yrq.pdbqt; Z109017042.pdbqt; 2yrq_pocket.pdbqt
      5.9809,  2yrq.pdbqt; Z105995320.pdbqt; 2yrq_pocket.pdbqt
